{
  "name": "angular-spinner",
  "version": "0.6.1",
  "description": "Angular directive to show an animated spinner (using spin.js)",
  "main": "./angular-spinner.js",
  "author": "Uri Shaked",
  "license": "MIT",
  "homepage": "https://github.com/urish/angular-spinner",
  "ignore": [],
  "dependencies": {
    "angular": ">=1.0.0 <1.4.0",
    "spin.js": "~2.0.0"
  },
  "devDependencies": {
    "angular-mocks": ">=1.0.0 <1.3.0"
  },
  "repository": {
    "type": "git",
    "url": "git://github.com/urish/angular-spinner.git"
  },
  "_release": "0.6.1",
  "_resolution": {
    "type": "version",
    "tag": "0.6.1",
    "commit": "20ae5713ab968d3cc853b61c1b39e791efe00f8c"
  },
  "_source": "git://github.com/urish/angular-spinner.git",
  "_target": "~0.6.1",
  "_originalSource": "angular-spinner",
  "_direct": true
}